Metric,Value
Control Conversion Rate,0.01785410644448223
Test Conversion Rate,0.025546559636683747
Conversion P-Value,1.9989623063390075e-13
Revenue P-Value,0.8274332524963001
